-- phpMyAdmin SQL Dump
-- version 5.2.1
-- https://www.phpmyadmin.net/
--
-- Máy chủ: 127.0.0.1
-- Thời gian đã tạo: Th12 02, 2023 lúc 11:24 AM
-- Phiên bản máy phục vụ: 10.4.28-MariaDB
-- Phiên bản PHP: 8.2.4

SET SQL_MODE = "NO_AUTO_VALUE_ON_ZERO";
START TRANSACTION;
SET time_zone = "+00:00";


/*!40101 SET @OLD_CHARACTER_SET_CLIENT=@@CHARACTER_SET_CLIENT */;
/*!40101 SET @OLD_CHARACTER_SET_RESULTS=@@CHARACTER_SET_RESULTS */;
/*!40101 SET @OLD_COLLATION_CONNECTION=@@COLLATION_CONNECTION */;
/*!40101 SET NAMES utf8mb4 */;

--
-- Cơ sở dữ liệu: `“btth01_cse485_ex`
--

-- --------------------------------------------------------

--
-- Cấu trúc bảng cho bảng `baiviet`
--

CREATE TABLE `baiviet` (
  `ma_bviet` int(11) NOT NULL,
  `tieude` varchar(100) NOT NULL,
  `ten_bhat` varchar(100) NOT NULL,
  `ma_tloai` int(11) NOT NULL,
  `tomtat` text NOT NULL,
  `noidung` text NOT NULL,
  `ma_tgia` int(11) NOT NULL,
  `ngayviet` date NOT NULL DEFAULT current_timestamp(),
  `hinhanh` varchar(200) NOT NULL
) ENGINE=InnoDB DEFAULT CHARSET=utf8mb4 COLLATE=utf8mb4_general_ci;

--
-- Đang đổ dữ liệu cho bảng `baiviet`
--

INSERT INTO `baiviet` (`ma_bviet`, `tieude`, `ten_bhat`, `ma_tloai`, `tomtat`, `noidung`, `ma_tgia`, `ngayviet`, `hinhanh`) VALUES
(1, 'Lòng mẹ', 'Lòng mẹ', 2, 'Và mẹ ơi đừng khóc nhé! Cả đời này mẹ đã khóc nhiều lắm rồi, hãy cười lên vì con đã trưởng thành! Con sẽ lại về dậy sớm nấu cơm cho mẹ, nấu nước cho mẹ tắm như ngày xưa. “Dù cho vai nắng nhưng lòng thương chẳng nhạt màu, vẫn mơ quay về vui vầy dưới bóng mẹ yêu”', '', 1, '2012-07-23', ''),
(2, 'Cảm ơn em đã rời xa anh', 'Vết mưa', 2, 'Cảm ơn em đã cho anh những tháng ngày hạnh phúc, cho anh biết yêu và được yêu. Em cho anh được nếm trải hương vị ngọt ngào của tình yêu nhưng cũng đầy đau khổ và nước mắt. Những tháng ngày đó có lẽ suốt cuộc đời anh không bao giờ quên', '', 3, '2012-02-12', ''),
(3, 'Cuộc đời có mấy ngày mai?', 'Phôi pha', 2, 'Đêm nay, trời quang mây tạnh, trong người nghe hoang vắng và tôi ngồi đây “Ôm lòng đêm, Nhìn vầng trăng mới về” mà ngậm ngùi “Nhớ chân giang hồ. Ôi phù du, từng tuổi xuân đã già”', '', 4, '2014-03-13', ''),
(4, 'Quê tôi!', 'Quê hương', 5, 'Quê hương là gì mà chở đầy kí ức nhỏ xinh. Có đám trẻ nô đùa bên nhau dưới gốc ổi nhà bà Năm giữa trưa nắng gắt chỉ để chờ bà đi vắng là hái trộm. Có hai anh em tôi bì bõm lội sình bắt cua đem về nhà cho mẹ nấu canh, nấu cháo… Có ba chị em tôi lục đục tự nấu ăn khi mẹ vắng nhà. Có anh tôi luôn dắt tôi đi cùng đường ngõ xóm chỉ để em được vui. Có cả những trận cãi nhau nảy lửa của ba anh em nữa…', '', 5, '2014-02-20', ''),
(5, 'Đất nước', 'Đất nước', 5, 'Đã bao nhiêu lần tôi tự hỏi: liệu trên Thế giới này có nơi nào chiến tranh tang thương mà lại rất đổi anh hùng như nước mình không? Liệu có mảnh đất nào mà mỗi tấc đất hôm nay đã thấm máu xương của những thế hệ đi trước nhiều như nước mình không? Và, liệu có một đất nước nào lại có nhiều bà mẹ đau khổ nhưng cũng hết sức gan góc như đất nước mình không?', '', 1, '2010-05-25', ''),
(7, 'The Unforgiven', 'The Unforgiven', 7, 'Lâu lắm rồi mới nghe lại The Unforgiven II, vì bài này không phải là bài mà tôi thích. Anh bạn tôi lúc trước, đi đâu cũng nghêu ngao bài này ấy, chỉ tại vì hắn đang... thất tình mà lị. Mà sao Metallica có The Unforgiven rồi lại có thêm bài này chi nữa vậy không biết nữa, làm cho tôi cảm thấy hình như hơi bị đúng so với tâm trạng của tôi lúc này.', '', 1, '2010-05-25', ''),
(8, 'Nơi tình yêu bắt đầu', 'Nơi tình yêu bắt đầu', 1, 'Nhiều người sẽ nghĩ làm gì có yêu nhất và làm gì có yêu mãi. Ừ! Chẳng có gì là mãi mãi cả, vì chúng ta không trường tồn vĩnh cửu', '', 1, '2014-02-03', ''),
(10, 'I\'m stronger', 'I\'m stronger', 7, 'Em không phải là người giỏi giấu cảm xúc, nhưng em lại là người giỏi đoán biết cảm xúc của người khác vậy nên đừng cố nói nhớ em, rằng mọi thứ chỉ là do hoàn cảnh. Và cũng đừng dối em rằng anh đã từng yêu em. Em nhắm mắt cũng cảm nhận được mà, thật đấy', '', 2, '2013-08-21', ''),
(11, 'Ôi Cuộc Sống Mến Thương', 'Ôi Cuộc Sống Mến Thương', 5, 'Có một câu nói như thế này \"Âm nhạc là một cái gì khác lạ mà hầu như tôi muốn nói nó là một phép thần diệu.Vì nó đứng giữa tư tưởng và hiện tượng, tinh thần và vật chất, mọi thứ trung gian mơ hồ thế đó mà không là thế đó giữa các sự vật mà âm nhạc hòa giải\"', '', 2, '2011-10-09', '');

--
-- Bẫy `baiviet`
--
DELIMITER $$
CREATE TRIGGER `tg_CapNhatTheLoai` AFTER INSERT ON `baiviet` FOR EACH ROW BEGIN
    UPDATE theloai
    SET SLBaiViet = SLBaiViet + 1
    WHERE ma_tloai = NEW.ma_tloai;
END
$$
DELIMITER ;

-- --------------------------------------------------------

--
-- Cấu trúc bảng cho bảng `tacgia`
--

CREATE TABLE `tacgia` (
  `ma_tgia` int(11) NOT NULL,
  `ten_tgia` varchar(100) NOT NULL,
  `hinh_tgia` varchar(100) DEFAULT NULL
) ENGINE=InnoDB DEFAULT CHARSET=utf8mb4 COLLATE=utf8mb4_general_ci;

--
-- Đang đổ dữ liệu cho bảng `tacgia`
--

INSERT INTO `tacgia` (`ma_tgia`, `ten_tgia`, `hinh_tgia`) VALUES
(1, 'Nhacvietplus 2.2', NULL),
(2, 'Sưu tầm', NULL),
(3, 'Sandy', NULL),
(4, 'Lê Trung Ngân', NULL),
(5, 'Khánh Ngọc', NULL),
(7, 'Phạm Phương Anh', NULL);

-- --------------------------------------------------------

--
-- Cấu trúc bảng cho bảng `theloai`
--

CREATE TABLE `theloai` (
  `ma_tloai` int(11) NOT NULL,
  `ten_tloai` varchar(100) NOT NULL,
  `SLBaiViet` int(11) DEFAULT 0
) ENGINE=InnoDB DEFAULT CHARSET=utf8mb4 COLLATE=utf8mb4_general_ci;

--
-- Đang đổ dữ liệu cho bảng `theloai`
--

INSERT INTO `theloai` (`ma_tloai`, `ten_tloai`, `SLBaiViet`) VALUES
(1, 'Nhạc trẻ', 0),
(2, 'Nhạc trữ tình', 0),
(3, 'Nhạc cách mạng 3.0', 0),
(4, 'Nhạc thiếu nhi', 0),
(5, 'Nhạc quê hương', 0),
(6, 'POP', 0),
(7, 'Rock', 0);

-- --------------------------------------------------------

--
-- Cấu trúc bảng cho bảng `user`
--

CREATE TABLE `user` (
  `id` int(11) NOT NULL,
  `name` varchar(100) NOT NULL,
  `password` varchar(100) NOT NULL
) ENGINE=InnoDB DEFAULT CHARSET=utf8mb4 COLLATE=utf8mb4_general_ci;

-- --------------------------------------------------------

--
-- Cấu trúc đóng vai cho view `vw_music`
-- (See below for the actual view)
--
CREATE TABLE `vw_music` (
`ma_bviet` int(11)
,`tieude` varchar(100)
,`ten_bhat` varchar(100)
,`ten_tgia` varchar(100)
,`ten_tloai` varchar(100)
,`ngayviet` date
);

-- --------------------------------------------------------

--
-- Cấu trúc cho view `vw_music`
--
DROP TABLE IF EXISTS `vw_music`;

CREATE ALGORITHM=UNDEFINED DEFINER=`root`@`localhost` SQL SECURITY DEFINER VIEW `vw_music`  AS SELECT `bv`.`ma_bviet` AS `ma_bviet`, `bv`.`tieude` AS `tieude`, `bv`.`ten_bhat` AS `ten_bhat`, `tg`.`ten_tgia` AS `ten_tgia`, `tl`.`ten_tloai` AS `ten_tloai`, `bv`.`ngayviet` AS `ngayviet` FROM ((`baiviet` `bv` join `tacgia` `tg` on(`bv`.`ma_tgia` = `tg`.`ma_tgia`)) join `theloai` `tl` on(`bv`.`ma_tloai` = `tl`.`ma_tloai`)) ;

--
-- Chỉ mục cho các bảng đã đổ
--

--
-- Chỉ mục cho bảng `baiviet`
--
ALTER TABLE `baiviet`
  ADD PRIMARY KEY (`ma_bviet`),
  ADD KEY `ma_tgia` (`ma_tgia`),
  ADD KEY `ma_tloai` (`ma_tloai`);

--
-- Chỉ mục cho bảng `tacgia`
--
ALTER TABLE `tacgia`
  ADD PRIMARY KEY (`ma_tgia`);

--
-- Chỉ mục cho bảng `theloai`
--
ALTER TABLE `theloai`
  ADD PRIMARY KEY (`ma_tloai`);

--
-- Chỉ mục cho bảng `user`
--
ALTER TABLE `user`
  ADD PRIMARY KEY (`id`),
  ADD UNIQUE KEY `name` (`name`);

--
-- AUTO_INCREMENT cho các bảng đã đổ
--

--
-- AUTO_INCREMENT cho bảng `user`
--
ALTER TABLE `user`
  MODIFY `id` int(11) NOT NULL AUTO_INCREMENT;


--
-- Các ràng buộc cho các bảng đã đổ
--

--
-- Các ràng buộc cho bảng `baiviet`
--
ALTER TABLE `baiviet`
  ADD CONSTRAINT `baiviet_ibfk_1` FOREIGN KEY (`ma_tgia`) REFERENCES `tacgia` (`ma_tgia`),
  ADD CONSTRAINT `baiviet_ibfk_2` FOREIGN KEY (`ma_tloai`) REFERENCES `theloai` (`ma_tloai`);
COMMIT;

/*!40101 SET CHARACTER_SET_CLIENT=@OLD_CHARACTER_SET_CLIENT */;
/*!40101 SET CHARACTER_SET_RESULTS=@OLD_CHARACTER_SET_RESULTS */;
/*!40101 SET COLLATION_CONNECTION=@OLD_COLLATION_CONNECTION */;

USE btth01_cse485_ex;
SELECT * FROM USER;